Резидент;"Игровой автомат Resident бесплатно подарит вам невероятные ощущения, а в игре с денежными ставками - еще и возможность разбогатеть. В игровом автомате Резидент очень много возможностей, главное, не упустить их и вовремя ими воспользоваться. Тут вас ждут и огромное количество выигрышных комбинаций, и игра на удвоение, и невероятно увлекательные и захватывающие бонусные игры. Видеослот Резидент в онлайн казино предоставляет вам возможность играть на 1, 3, 5 или 9 активных линиях. Игра начнётся и запустятся барабаны сразу же после того, как вы нажмёте на кнопку ""Старт"". Но прежде, чем запустить барабаны Слотомания игрового автомата, не забудьте установить необходимое количество активных линий и размер ставки. После того, как барабаны перестанут вращаться, вы сможете увидеть выигрышные комбинации. По всем линиям выигрыши суммируются, поэтому, чем больше активных линий вы установите, тем больше у вас шансов на выигрыш, но вместе с тем и дороже обходится спин. Выберите собственную стратегию игры в видеослот Resident, и вы можете не сомневаться в своей победе в интернет казино!

Играть в Сейфы в интернет казино на деньги или без смс и без регистрации, бесплатно 

Если вам выпадет выигрышная комбинация, то вы можете увеличить выигрыш в игре на удвоение. После выпадения выигрышной комбинации перед вами встанет выбор: забрать выигрыш или испытать удачу в риск-игре. Если вы решитесь рискнуть, то перед вами появится второй экран, на котором будет находиться пять карт: одна открытая и четыре закрытые. Как вы уже, наверное, догадались, для выигрыша в игре на риск в игровом автомате Резидент вам нужно перебить открытую карту дилера. Если вы справитесь с задачей, то ваш выигрыш удвоится, и так можно рисковать до тех пор, пока вы не заберёте выигрыш или не проиграете. Попасть в бонусную игру вы сможете, если вам удастся собрать три символа с изображением Сейфа. В бонусной игре Resident вам нужно будет вскрывать ящики. Перед вами появятся четыре ящика, в каждом из которых спрятаны предметы с различным коэффициентом выигрыша. Перед вами будет стоять не простоя задача: открыть все ящики и не попасть на динамит. Если же вам не повезёт, и вы всё-таки попадёте на него, а огнетушителя у вас не окажется, то вы покинете бонусную игру. Ну а если вы успешно откроете все ящики, то вам предоставится вторая бонусная игра, в которой вам необходимо из двух дверей выбрать одну. Если удача не подведёт вас, и вы выберите дверь за которой спрятана девушка, то увеличите свою ставку в пятьсот раз!"
Лягушки;"Наверняка игровой автомат Fairy land известны многим игрокам на деньги в онлайн казино. Данный игровой слот погружает игрока в сказку, где отчаявшийся принц отправлялся на край света, чтобы вызволить свою возлюбленную из плена. Игровой автомат Fairy Land имеют в своей основе увлекательнейший сюжет, качественну.графику и необычное звуковое оформление. У нас в онлайн казино вы можете погрузиться в увлекательнейшие приключения, в ходе которых вы непременно познакомитесь с забавными сказочными персонажами, которые помогут вам достичь заветной цели! 

Как играть в игровые аппараты Фейри Ленд

Начав играть в игровые автоматы Лягушки, достаточно трудно перейти на какой-либо другой автомат. Увлекшись игровым процессом, вы поймете, что главный герой игры, лягушка, нуждается в вашей помощи, без который ему очень трудно будет отыскать свою подругу. Именно поэтому долг игрока состоит в том, чтобы помочь персонажу достичь своей цели, и не бесплатно! Однако играть можно не только на деньги, но и бесплатно, получая истинное удовольствие! Не стоит забывать что в Лягушки в демонстрационном режиме можно играть без регистрации, что существенно сэкономит ваше время. 

Бонус-игра игрового аппарата отличается нестандартностью, драйвом и необычным развитием сюжета, что в сумме сможет заинтересовать каждого игрока в интернет казино. Для того, чтобы игроку открылась бонусная игра, потребуется поймать более трех символов с лягушонком, которые помогут пополнить кошелек. Для этого потребуется пройти множество препятствий и затаившегося глубоко в джунглях коварного крокодила. Тем самым вы спасете главного героя, а она отблагодарит вас хорошим выигрышем. Кроме того, каждая выигрышная комбинация на активных линиях позволяет увеличить вдвое свой выигрыш, угадав карту с большим номиналом, чем у соперника. Данный игровой слот характеризуется необычной развязкой, а также бонусной игрой и увлекательным сценарием. Это все является залогом безграничного азарта посетителей интернет казино, а также дарит им множество невероятных ощущений! Также у нас данный слот доступен в демонстрационном режиме бесплатно и без регистрации."
Мартышки;"Игровой автомат Crazy Monkey или Сумасшедшая Обезьяна, как ее называют постоянные игроки в интернет казино, появился достаточно давно и имеет внушительное количество поклонников по всему миру. В настоящее время популярность Crazy Monkey ничуть не меньше, чем несколькими годами ранее. С этими Обезьянками можно играть без регистрации, бесплатно, а также на деньги. До появления в сети этот игровой слот имел бешеную популярность среди посетителей реальных игорных домов и игровых залов. Количество постоянно играющих в него в интернет казино ничуть не уступает любителям суперсовременных 3D- автоматов или видеослотов.

Особенности игры Крези Манки 

По своим характеристикам это пяти барабанный игровой автомат Слотомания, позволяющий играть на девяти игровых линиях даже в режиме бесплатно. Управление и правила игры этих Мартышек довольно просты. Играя на деньги или бесплатно, необходимо выбрать количество линий, по которым пользователь будет делать свои ставки, а после запустить игровой барабан. При этом следует помнить, что чем больше количество игровых линий, тем больше размер потенциального выигрыша. В течении игры веселые обезьяны будут сопровождать каждого игрока. Дальнейший успех будет зависеть от количества одинаковых символов выпадающих на этих пяти барабанах. В случае нехватки нужных картинок для выигрышной комбинации игроку на помощь может прийти ""дикий"" символ Обезьянок, который заменит любую ненужную картинку на требуемую. В игре без регистрации этот символ также активен. 

После выпадения требуемой комбинации этот слот онлайн казино дает пользователю шанс удвоить свой выигрыш, сыграв в игру на риск. В ходе игры ему необходимо выбрать карту, которая по своему значению будет больше предложенной автоматом. Если угадал, то сумма удваивается. Но следует помнить, что при открывании меньшей по значению карты весь собранный выигрыш моментально сгорит. Если на барабане одновременно выпали картинки с хотя бы тремя Обезьянками, то пользователя ждет приятная возможность играть в бонус-игру, где нужно будет дергать за канаты, каждый из которых может принести потенциальную прибыль."
"азартные игры и игровые автоматы";
"игровые автоматы бесплатно";
"игровые автоматы Вулкан";
"автоматы Гейминатор";
"автоматы Игрософт";
"казино игровые автоматы";
"автоматы Мега Джек";
"игровые автоматы на деньги";
"игровые аппараты";
"Слоты и игровые автоматы";
еще;
Книжки;"Передовые казино онлайн знают, какой слот гарантирует им успех и популярность. Конечно, это игровой автомат Книжка. Данный симулятор — не чета малоизвестным некачественным поделкам. В интернет казино со слотом «из Египта» гемблер может чувствовать себя счастливым, играть на деньги и стабильно побеждать в атмосфере древней цивилизации. Ох, а если вы не только знакомы с механикой, но и еще и отличаетесь везучим нутром — нужно начинать игру прямо сейчас! Еще один бесспорный плюс в том, что теперь слот может стать своеобразным оплачиваемым досугом. Причем, платить будете не вы, а вам! Но, конечно, нужно с чего-то начинать — заходите в онлайн казино без регистрации, заполняйте формы, вносите сумму на счет и начинайте игру в Книжки — путь через египетские пустыни, реки и города к внушительным победам!

Амон подарит тебе Book of Ra

История гласит, что Амон Ра (верховное божество Солнца) хранил как зеницу ока свою книгу. Она была не только содержанием письмен, но и символом оккультного характера, способным в одночасье сделать обычного человека чрезвычайно могущественным, невероятно богатым, очень успешным. Мотив и замысел создателей эмулятора понятен — они предлагают вам исключить длительные опасные экспедиции из жизненного графика. Получить золото можно и без этого. Бук оф Ра — выдуманный мир, в который можно играть на деньги и бесплатно! Книга Ра — дух приключений и невероятная авантюра не выходя из дома. Книга — безупречный продукт программистов и оформителей, дающий возможность заработать не выходя из интернет казино. У игровых автоматов свои правила, кто знает их — тот побеждает. И, конечно, вы понимаете, что речь идет не про лист с перечнем выигрышных линий, который содержит в своем «нутре» каждый игровой автомат. 

В удивительный слот приятно поиграть и без регистрации. Смелые и опытные, конечно, сразу же переходят к сетам за деньги. В конце-концов, по каким еще признакам Амон Ра должен выбирать достойного? Конечно, по силе воли, по характеру и по блеску в глазах. Если слот заметит ваш энтузиазм, если вы будете излучать азарт, как мощный маяк, то у него не останется ничего другого, кроме как практически бесплатно насыпать в ваш карман пригоршни антикварных древних египетских монет. Только не давайте воображению разгуляться больше положенного! :) Счастье возможно и с обычным миллионом!"
Пирамидки;"Кто не хотел бы немного изучить историю, а также хорошо заработать при этом? Если вы относитесь к данной категории людей, тогда игровой автомат Aztec Gold с правом играть бесплатно и без регистрации, или онлайн на деньги, рассчитан специально для вас! В нашем онлайн казино вам будет предоставлена возможность не только найти все сокровища древнего племени ацтеков, всегда славившихся своими достижениями в материальном и научном плане, но и просто насладиться красотой игры, ее огромными прибылями и прочими преимуществами. При этом, не стоит забывать, что древние правители всегда старались очень надежно спрятать и оградить все свои сокровища. Именно поэтому мы советуем вам немного изучить правила слота Aztec Gold, а уже потом рваться навстречу приключениям.

Правила игрового автомата Пирамида, играть бесплатно и без регистрации в который вы всегда сможете в нашем интернет казино. 

После того, как вы решитесь и начнете игру, вы обнаружите, что слот Пирамиды обладает очень прибыльной механикой, которая рассчитана на то, чтобы озолотить игрока. Так, здесь вы увидите пять игровых барабанов, а также получите возможность нанести на них от одной до двадцати одной активной линии! Это позволит вам очень четко контролировать игру и получать максимальные прибыли. Ну а собирать на таком множестве линий вам будет необходимо различные символы, каждый из которых обладает своей ценой. Узнать стоимость каждого можно в таблице коэффициентов. Если говорить про специальные символы, то нужно упомянуть феникса, который является вайлдом данного аппарата. Так, он способен заменить любой другой знак, а также принести вам огромную прибыль!

Есть также в игровом аппарате Ацтек Голд и бонусные игры. Первая откроется вам после того, как вам удастся собрать на игровом экране больше двух символов, где изображены Пирамидки. Далее, уже на новом экране Слотомания игровые автоматы даст вам возможность собирать множители под ячейками. Но будьте осторожны, потому что всегда есть ячейка, которая остановит игру. 

Ну и последняя бонусная игра игрового аппарата Золото Ацтеков, играть бесплатно и без регистрации в который вы всегда можете в нашем казино онлайн, в том числе на деньги – это игра на риск. В ней вам нужно будет угадать карту, которая будет старше, чем карта дилера. Если это получится, то ваш выигрыш удвоится. Ну а продолжать игру вы сможете вплоть до вашего желания отказаться, либо до проигрыша.

Вот и все правила данного слота! Так что желаем вам прибыльной игры!"
Пирамидки;"Кто не хотел бы немного изучить историю, а также хорошо заработать при этом? Если вы относитесь к данной категории людей, тогда игровой автомат Aztec Gold с правом играть бесплатно и без регистрации, или онлайн на деньги, рассчитан специально для вас! В нашем онлайн казино вам будет предоставлена возможность не только найти все сокровища древнего племени ацтеков, всегда славившихся своими достижениями в материальном и научном плане, но и просто насладиться красотой игры, ее огромными прибылями и прочими преимуществами. При этом, не стоит забывать, что древние правители всегда старались очень надежно спрятать и оградить все свои сокровища. Именно поэтому мы советуем вам немного изучить правила слота Aztec Gold, а уже потом рваться навстречу приключениям.

Правила игрового автомата Пирамида, играть бесплатно и без регистрации в который вы всегда сможете в нашем интернет казино. 

После того, как вы решитесь и начнете игру, вы обнаружите, что слот Пирамиды обладает очень прибыльной механикой, которая рассчитана на то, чтобы озолотить игрока. Так, здесь вы увидите пять игровых барабанов, а также получите возможность нанести на них от одной до двадцати одной активной линии! Это позволит вам очень четко контролировать игру и получать максимальные прибыли. Ну а собирать на таком множестве линий вам будет необходимо различные символы, каждый из которых обладает своей ценой. Узнать стоимость каждого можно в таблице коэффициентов. Если говорить про специальные символы, то нужно упомянуть феникса, который является вайлдом данного аппарата. Так, он способен заменить любой другой знак, а также принести вам огромную прибыль!

Есть также в игровом аппарате Ацтек Голд и бонусные игры. Первая откроется вам после того, как вам удастся собрать на игровом экране больше двух символов, где изображены Пирамидки. Далее, уже на новом экране аппарат даст вам возможность собирать множители под ячейками. Но будьте осторожны, потому что всегда есть ячейка, которая остановит игру. 

Ну и последняя бонусная игра игрового аппарата Золото Ацтеков, играть бесплатно и без регистрации в который вы всегда можете в нашем казино онлайн, в том числе на деньги – это игра на риск. В ней вам нужно будет угадать карту, которая будет старше, чем карта дилера. Если это получится, то ваш выигрыш удвоится. Ну а продолжать игру вы сможете вплоть до вашего желания отказаться, либо до проигрыша.

Вот и все правила данного слота! Так что желаем вам прибыльной игры!"
Мартышки;"Игровой автомат Crazy Monkey или Сумасшедшая Обезьяна, как ее называют постоянные игроки в интернет казино, появился достаточно давно и имеет внушительное количество поклонников по всему миру. В настоящее время популярность Crazy Monkey ничуть не меньше, чем несколькими годами ранее. С этими Обезьянками можно играть без регистрации, бесплатно, а также на деньги. До появления в сети этот игровой слот имел бешеную популярность среди посетителей реальных игорных домов и игровых залов. Количество постоянно играющих в него в интернет казино ничуть не уступает любителям суперсовременных 3D- автоматов или видеослотов.

Особенности игры Крези Манки 

По своим характеристикам это пяти барабанный игровой автомат, позволяющий играть на девяти игровых линиях даже в режиме бесплатно. Управление и правила игры этих Мартышек довольно просты. Играя на деньги или бесплатно, необходимо выбрать количество линий, по которым пользователь будет делать свои ставки, а после запустить игровой барабан. При этом следует помнить, что чем больше количество игровых линий, тем больше размер потенциального выигрыша. В течении игры веселые обезьяны будут сопровождать каждого игрока. Дальнейший успех будет зависеть от количества одинаковых символов выпадающих на этих пяти барабанах. В случае нехватки нужных картинок для выигрышной комбинации игроку на помощь может прийти ""дикий"" символ Обезьянок, который заменит любую ненужную картинку на требуемую. В игре без регистрации этот символ также активен. 

После выпадения требуемой комбинации этот слот онлайн казино дает пользователю шанс удвоить свой выигрыш, сыграв в игру на риск. В ходе игры ему необходимо выбрать карту, которая по своему значению будет больше предложенной автоматом. Если угадал, то сумма удваивается. Но следует помнить, что при открывании меньшей по значению карты весь собранный выигрыш моментально сгорит. Если на барабане одновременно выпали картинки с хотя бы тремя Обезьянками, то пользователя ждет приятная возможность играть в бонус-игру, где нужно будет дергать за канаты, каждый из которых может принести потенциальную прибыль."
Резидент;"Игровой автомат Resident бесплатно подарит вам невероятные ощущения, а в игре с денежными ставками - еще и возможность разбогатеть. В игровом автомате Резидент очень много возможностей, главное, не упустить их и вовремя ими воспользоваться. Тут вас ждут и огромное количество выигрышных комбинаций, и игра на удвоение, и невероятно увлекательные и захватывающие бонусные игры. Видеослот Резидент в онлайн казино предоставляет вам возможность играть на 1, 3, 5 или 9 активных линиях. Игра начнётся и запустятся барабаны сразу же после того, как вы нажмёте на кнопку ""Старт"". Но прежде, чем запустить барабаны игрового автомата, не забудьте установить необходимое количество активных линий и размер ставки. После того, как барабаны перестанут вращаться, вы сможете увидеть выигрышные комбинации. По всем линиям выигрыши суммируются, поэтому, чем больше активных линий вы установите, тем больше у вас шансов на выигрыш, но вместе с тем и дороже обходится спин. Выберите собственную стратегию игры в видеослот Resident, и вы можете не сомневаться в своей победе в интернет казино!

Играть в Сейфы в интернет казино на деньги или без смс и без регистрации, бесплатно 

Если вам выпадет выигрышная комбинация, то вы можете увеличить выигрыш в игре на удвоение. После выпадения выигрышной комбинации перед вами встанет выбор: забрать выигрыш или испытать удачу в риск-игре. Если вы решитесь рискнуть, то перед вами появится второй экран, на котором будет находиться пять карт: одна открытая и четыре закрытые. Как вы уже, наверное, догадались, для выигрыша в игре на риск в игровом автомате Резидент вам нужно перебить открытую карту дилера. Если вы справитесь с задачей, то ваш выигрыш удвоится, и так можно рисковать до тех пор, пока вы не заберёте выигрыш или не проиграете. Попасть в бонусную игру вы сможете, если вам удастся собрать три символа с изображением Сейфа. В бонусной игре Resident вам нужно будет вскрывать ящики. Перед вами появятся четыре ящика, в каждом из которых спрятаны предметы с различным коэффициентом выигрыша. Перед вами будет стоять не простоя задача: открыть все ящики и не попасть на динамит. Если же вам не повезёт, и вы всё-таки попадёте на него, а огнетушителя у вас не окажется, то вы покинете бонусную игру. Ну а если вы успешно откроете все ящики, то вам предоставится вторая бонусная игра, в которой вам необходимо из двух дверей выбрать одну. Если удача не подведёт вас, и вы выберите дверь за которой спрятана девушка, то увеличите свою ставку в пятьсот раз!"
Мартышки;"Игровой автомат Crazy Monkey или Сумасшедшая Обезьяна, как ее называют постоянные игроки в интернет казино, появился достаточно давно и имеет внушительное количество поклонников по всему миру. В настоящее время популярность Crazy Monkey ничуть не меньше, чем несколькими годами ранее. С этими Обезьянками можно играть без регистрации, бесплатно, а также на деньги. До появления в сети этот игровой слот имел бешеную популярность среди посетителей реальных игорных домов и игровых залов. Количество постоянно играющих в него в интернет казино ничуть не уступает любителям суперсовременных 3D- автоматов или видеослотов.

Особенности игры Крези Манки 

По своим характеристикам это пяти барабанный игровой автомат Слотомания, позволяющий играть на девяти игровых линиях даже в режиме бесплатно. Управление и правила игры этих Мартышек довольно просты. Играя на деньги или бесплатно, необходимо выбрать количество линий, по которым пользователь будет делать свои ставки, а после запустить игровой барабан. При этом следует помнить, что чем больше количество игровых линий, тем больше размер потенциального выигрыша. В течении игры веселые обезьяны будут сопровождать каждого игрока. Дальнейший успех будет зависеть от количества одинаковых символов выпадающих на этих пяти барабанах. В случае нехватки нужных картинок для выигрышной комбинации игроку на помощь может прийти ""дикий"" символ Обезьянок, который заменит любую ненужную картинку на требуемую. В игре без регистрации этот символ также активен. 

После выпадения требуемой комбинации этот слот онлайн казино Вулкан дает пользователю шанс удвоить свой выигрыш, сыграв в игру на риск. В ходе игры ему необходимо выбрать карту, которая по своему значению будет больше предложенной автоматом. Если угадал, то сумма удваивается. Но следует помнить, что при открывании меньшей по значению карты весь собранный выигрыш моментально сгорит. Если на барабане одновременно выпали картинки с хотя бы тремя Обезьянками, то пользователя ждет приятная возможность играть в бонус-игру, где нужно будет дергать за канаты, каждый из которых может принести потенциальную прибыль."
"Слотомания игровые автоматы";
"игровые автоматы 777";
Книжки;"Передовые казино онлайн знают, какой слот гарантирует им успех и популярность. Конечно, это игровой автомат Книжка. Данный симулятор — не чета малоизвестным некачественным поделкам. В интернет казино со слотом «из Египта» гемблер может чувствовать себя счастливым, играть на деньги и стабильно побеждать в атмосфере древней цивилизации. Ох, а если вы не только знакомы с механикой, но и еще и отличаетесь везучим нутром — нужно начинать игру прямо сейчас! Еще один бесспорный плюс в том, что теперь слот может стать своеобразным оплачиваемым досугом. Причем, платить будете не вы, а вам! Но, конечно, нужно с чего-то начинать — заходите в онлайн Вулкан казино без регистрации, заполняйте формы, вносите сумму на счет и начинайте игру в Книжки — путь через египетские пустыни, реки и города к внушительным победам!

Амон подарит тебе Book of Ra

История гласит, что Амон Ра (верховное божество Солнца) хранил как зеницу ока свою книгу. Она была не только содержанием письмен, но и символом оккультного характера, способным в одночасье сделать обычного человека чрезвычайно могущественным, невероятно богатым, очень успешным. Мотив и замысел создателей эмулятора понятен — они предлагают вам исключить длительные опасные экспедиции из жизненного графика. Получить золото можно и без этого. Бук оф Ра — выдуманный мир, в который можно играть на деньги и бесплатно! Книга Ра — дух приключений и невероятная авантюра не выходя из дома. Книга — безупречный продукт программистов и оформителей, дающий возможность заработать не выходя из интернет казино. У Слотомания игровых автоматов свои правила, кто знает их — тот побеждает. И, конечно, вы понимаете, что речь идет не про лист с перечнем выигрышных линий, который содержит в своем «нутре» каждый игровой автомат. 

В удивительный слот приятно поиграть и без регистрации. Смелые и опытные, конечно, сразу же переходят к сетам за деньги. В конце-концов, по каким еще признакам Амон Ра должен выбирать достойного? Конечно, по силе воли, по характеру и по блеску в глазах. Если слот заметит ваш энтузиазм, если вы будете излучать азарт, как мощный маяк, то у него не останется ничего другого, кроме как практически бесплатно насыпать в ваш карман пригоршни антикварных древних египетских монет. Только не давайте воображению разгуляться больше положенного! :) Счастье возможно и с обычным миллионом!"
Пирамидки;"Кто не хотел бы немного изучить историю, а также хорошо заработать при этом? Если вы относитесь к данной категории людей, тогда игровой автомат Aztec Gold с правом играть бесплатно и без регистрации, или онлайн на деньги, рассчитан специально для вас! В нашем онлайн казино Вулкан вам будет предоставлена возможность не только найти все сокровища древнего племени ацтеков, всегда славившихся своими достижениями в материальном и научном плане, но и просто насладиться красотой игры, ее огромными прибылями и прочими преимуществами. При этом, не стоит забывать, что древние правители всегда старались очень надежно спрятать и оградить все свои сокровища. Именно поэтому мы советуем вам немного изучить правила слота Aztec Gold, а уже потом рваться навстречу приключениям.

Правила игрового автомата Пирамида, играть бесплатно и без регистрации в который вы всегда сможете в нашем интернет казино. 

После того, как вы решитесь и начнете игру, вы обнаружите, что слот Пирамиды обладает очень прибыльной механикой, которая рассчитана на то, чтобы озолотить игрока. Так, здесь вы увидите пять игровых барабанов, а также получите возможность нанести на них от одной до двадцати одной активной линии! Это позволит вам очень четко контролировать игру и получать максимальные прибыли. Ну а собирать на таком множестве линий вам будет необходимо различные символы, каждый из которых обладает своей ценой. Узнать стоимость каждого можно в таблице коэффициентов. Если говорить про специальные символы, то нужно упомянуть феникса, который является вайлдом данного аппарата. Так, он способен заменить любой другой знак, а также принести вам огромную прибыль!

Есть также в игровом аппарате Ацтек Голд и бонусные игры. Первая откроется вам после того, как вам удастся собрать на игровом экране больше двух символов, где изображены Пирамидки. Далее, уже на новом экране Слотомания онлайн игровой автомат даст вам возможность собирать множители под ячейками. Но будьте осторожны, потому что всегда есть ячейка, которая остановит игру. 

Ну и последняя бонусная игра игрового автомата Золото Ацтеков, играть бесплатно и без регистрации в который вы всегда можете в нашем казино онлайн, в том числе на деньги – это игра на риск. В ней вам нужно будет угадать карту, которая будет старше, чем карта дилера. Если это получится, то ваш выигрыш удвоится. Ну а продолжать игру вы сможете вплоть до вашего желания отказаться, либо до проигрыша.

Вот и все правила данного слота! Так что желаем вам прибыльной игры!"
Лягушки;"Наверняка игровой автомат Fairy land известны многим игрокам на деньги в онлайн казино. Данный игровой слот погружает игрока в сказку, где отчаявшийся принц отправлялся на край света, чтобы вызволить свою возлюбленную из плена. Игровой автомат Fairy Land имеют в своей основе увлекательнейший сюжет, качественну.графику и необычное звуковое оформление. У нас в онлайн казино вы можете погрузиться в увлекательнейшие приключения, в ходе которых вы непременно познакомитесь с забавными сказочными персонажами, которые помогут вам достичь заветной цели! 

Как играть в игровые аппараты Фейри Ленд

Начав играть в Слотомания игровые онлайн автоматы Лягушки, достаточно трудно перейти на какой-либо другой автомат. Увлекшись игровым процессом, вы поймете, что главный герой игры, лягушка, нуждается в вашей помощи, без который ему очень трудно будет отыскать свою подругу. Именно поэтому долг игрока состоит в том, чтобы помочь персонажу достичь своей цели, и не бесплатно! Однако играть можно не только на деньги, но и бесплатно, получая истинное удовольствие! Не стоит забывать что в Лягушки в демонстрационном режиме можно играть без регистрации, что существенно сэкономит ваше время. 

Бонус-игра игрового аппарата отличается нестандартностью, драйвом и необычным развитием сюжета, что в сумме сможет заинтересовать каждого игрока в интернет казино. Для того, чтобы игроку открылась бонусная игра, потребуется поймать более трех символов с лягушонком, которые помогут пополнить кошелек. Для этого потребуется пройти множество препятствий и затаившегося глубоко в джунглях коварного крокодила. Тем самым вы спасете главного героя, а она отблагодарит вас хорошим выигрышем. Кроме того, каждая выигрышная комбинация на активных линиях позволяет увеличить вдвое свой выигрыш, угадав карту с большим номиналом, чем у соперника. Данный игровой слот характеризуется необычной развязкой, а также бонусной игрой и увлекательным сценарием. Это все является залогом безграничного азарта посетителей интернет казино Вулкан, а также дарит им множество невероятных ощущений! Также у нас данный слот доступен в демонстрационном режиме бесплатно и без регистрации."
Клубнички;"Игровой автомат Вулкан Fruit Cocktail (Клубнички) удерживается на волне популярности с 1980-х годов, постепенно перекочевав из реальных игорных заведений в онлайн казино. Именно поэтому уже ни у кого не появляются вопросы, почему в большинстве интернет казино имеется Fruit Cocktail в своем игровом ассортименте. По своей сути онлайн версия автомата представляет собой эмулятор реальной игры, а режим игры на деньги ничем не отличается от игрового процесса в наземных казино. 

Как играть в игровой автомат Клубнички

Фрут Коктейль представляет собой классический пятибарабанный автомат на девять игровых линий. В качестве символов игры выступают различные ягодки и фрукты. Для того, чтобы выиграть вам понадобиться 3-5 одинаковых изображений на линии выплат. Изображения фруктового коктейля оплачиваются выше всех остальных В противовес им, вишни являются самым дешевым символом. 
Также каждый выигрыш, который игрок получает в основной игре, может быть удвоен. В этой риск- игре игроку предстоит выбрать карту, номинал которой будет выше чем у его оппонента. Все эти функции можно протестировать в ознакомительном режиме игры, бесплатно и без регистрации.

В призовой игре на экране показано 3 барабана, а по периметру символы разнообразных фруктов и ягод. Одна из картинок подсвечивается в режиме случайного выбора, а барабаны начинают свое вращение. Если на одном из них выпал символ с подсветкой, игрок выигрывает. Подобные выигрыши выпадают на долю игроков в интернет казино достаточно часто, что особенно важно при игре на деньги. 

Для итога можно сказать, что данный игровой автомат Слотомания онлайн представляет собой классику азартных слотов и каждый игрок обязан хотя бы раз в него сыграть. Особенно при том, что наше онлайн казино предлагает играть в него бесплатно и без регистрации. Просто в свое удовольствие!
Стоит также отметить, что максимальный успех среди игроков на данном игровом автомате проявляется в тех случаях, когда часто меняется число линий и размер ставок в ходе игры. При этом единственно верного алгоритма, который позволит побеждать всегда, в природе не существует и каждый игрок должен самостоятельно создать свою формулу успеха, согласно своей интуиции и удачливости."
Sharky;"Онлайн казино предлагает каждому игроку окунуться в атмосферу приключенческого азарта. Морские волки собрались под руководством отважного капитана и они хотят, чтобы ты был вместе с ними. Игровые автоматы Sharky предоставят всем молодым рыбакам возможность поохотиться. Проявите свою смелость! Выступайте в качестве одного из пиратов, отправляйтесь на поиски сокровища, играть будет крайне интересно. В Sharky вам встретятся разные персонажи, так или иначе влияющие на ваш выигрыш. Например, попугай капитана может увеличивать вашу ставку в 1000 раз, а сам капитан распорядится, чтобы она была бесплатно помножена на целых 9000! В интернет казино все это становится реальным, даже если вы захотели играть без регистрации. Главное - снабдить себя правильным настроением, приготовить, по возможности, небольшую сумму денег, а также позаботиться о том, чтобы во время игры вас ничего не отвлекало, а поблизости находился какой нибудь хороший, дорогой напиток. 

Шарки — гордость онлайн казино и светоч в мире компьютерного азартного игростроения.

Мореплаватели тоже любят играть на деньги, так что для того, чтобы стать полноценным пиратом, вам понадобится выиграть у них несколько раз. Не позволяйте этим хитрым морским волкам обыграть вас, докажите, что вы проворнее их! 

Игровые Слотомания автоматы помогут вам хорошенько расслабиться, играть в них бесплатно у себя дома — одно удовольствие, можно и без регистрации. Прокладывайте себе путь к совершенству игры, пираты будут поддерживать вас в вашем стремлении к развитию. Ведь в Sharky вам предлагается развивать свои навыки, игровые автоматы становятся вашим хобби и вы сможете даже зарабатывать на этом неплохие деньги. 

В игре Акуленок - вы в безопасности и сами хозяин своего времени и местоположения. 

Интернет казино Вулкан предлагает каждому смельчаку оценить качество и надежность онлайн автоматов. В секретных волшебных кузницах были выкованы они, подобно шедеврам искусства и преподнесены вам для того, чтобы ваш досуг был идеально азартным. Для достижения полноты ощущений от автоматов следует перейти постепенно к играм на деньги, тогда у вас разовьется настоящий гурманский вкус к играм и вы будете чувствовать себя в любом казино словно рыба в воде."
Резидент;"Игровой автомат Resident бесплатно подарит вам невероятные ощущения, а в игре с денежными ставками - еще и возможность разбогатеть. В игровом автомате Резидент очень много возможностей, главное, не упустить их и вовремя ими воспользоваться. Тут вас ждут и огромное количество выигрышных комбинаций, и игра на удвоение, и невероятно увлекательные и захватывающие бонусные игры. Видеослот Резидент в онлайн казино Вулкан предоставляет вам возможность играть на 1, 3, 5 или 9 активных линиях. Игра начнётся и запустятся барабаны сразу же после того, как вы нажмёте на кнопку ""Старт"". Но прежде, чем запустить барабаны Слотомания игрового автомата, не забудьте установить необходимое количество активных линий и размер ставки. После того, как барабаны перестанут вращаться, вы сможете увидеть выигрышные комбинации. По всем линиям выигрыши суммируются, поэтому, чем больше активных линий вы установите, тем больше у вас шансов на выигрыш, но вместе с тем и дороже обходится спин. Выберите собственную стратегию игры в видеослот Resident, и вы можете не сомневаться в своей победе в интернет казино!

Играть в Сейфы в интернет казино на деньги или без смс и без регистрации, бесплатно 

Если вам выпадет выигрышная комбинация, то вы можете увеличить выигрыш в игре на удвоение. После выпадения выигрышной комбинации перед вами встанет выбор: забрать выигрыш или испытать удачу в риск-игре. Если вы решитесь рискнуть, то перед вами появится второй экран, на котором будет находиться пять карт: одна открытая и четыре закрытые. Как вы уже, наверное, догадались, для выигрыша в игре на риск в игровом автомате Резидент вам нужно перебить открытую карту дилера. Если вы справитесь с задачей, то ваш выигрыш удвоится, и так можно рисковать до тех пор, пока вы не заберёте выигрыш или не проиграете. Попасть в бонусную игру вы сможете, если вам удастся собрать три символа с изображением Сейфа. В бонусной игре Resident вам нужно будет вскрывать ящики. Перед вами появятся четыре ящика, в каждом из которых спрятаны предметы с различным коэффициентом выигрыша. Перед вами будет стоять не простоя задача: открыть все ящики и не попасть на динамит. Если же вам не повезёт, и вы всё-таки попадёте на него, а огнетушителя у вас не окажется, то вы покинете бонусную игру. Ну а если вы успешно откроете все ящики, то вам предоставится вторая бонусная игра, в которой вам необходимо из двух дверей выбрать одну. Если удача не подведёт вас, и вы выберите дверь за которой спрятана девушка, то увеличите свою ставку в пятьсот раз!"
Sharky;"Онлайн казино предлагает каждому игроку окунуться в атмосферу приключенческого азарта. Морские волки собрались под руководством отважного капитана и они хотят, чтобы ты был вместе с ними. Игровые автоматы Sharky предоставят всем молодым рыбакам возможность поохотиться. Проявите свою смелость! Выступайте в качестве одного из пиратов, отправляйтесь на поиски сокровища, играть будет крайне интересно. В Sharky вам встретятся разные персонажи, так или иначе влияющие на ваш выигрыш. Например, попугай капитана может увеличивать вашу ставку в 1000 раз, а сам капитан распорядится, чтобы она была бесплатно помножена на целых 9000! В интернет казино все это становится реальным, даже если вы захотели играть без регистрации. Главное - снабдить себя правильным настроением, приготовить, по возможности, небольшую сумму денег, а также позаботиться о том, чтобы во время игры вас ничего не отвлекало, а поблизости находился какой нибудь хороший, дорогой напиток. 

Шарки — гордость онлайн казино и светоч в мире компьютерного азартного игростроения.

Мореплаватели тоже любят играть на деньги, так что для того, чтобы стать полноценным пиратом, вам понадобится выиграть у них несколько раз. Не позволяйте этим хитрым морским волкам обыграть вас, докажите, что вы проворнее их! 

Игровые автоматы помогут вам хорошенько расслабиться, играть в них бесплатно у себя дома — одно удовольствие, можно и без регистрации. Прокладывайте себе путь к совершенству игры, пираты будут поддерживать вас в вашем стремлении к развитию. Ведь в Sharky вам предлагается развивать свои навыки, игровые автоматы становятся вашим хобби и вы сможете даже зарабатывать на этом неплохие деньги. 

В игре Акуленок - вы в безопасности и сами хозяин своего времени и местоположения. 

Интернет казино предлагает каждому смельчаку оценить качество и надежность онлайн автоматов. В секретных волшебных кузницах были выкованы они, подобно шедеврам искусства и преподнесены вам для того, чтобы ваш досуг был идеально азартным. Для достижения полноты ощущений от автоматов следует перейти постепенно к играм на деньги, тогда у вас разовьется настоящий гурманский вкус к играм и вы будете чувствовать себя в любом казино словно рыба в воде."
Клубнички;"Игровой автомат Fruit Cocktail (Клубнички) удерживается на волне популярности с 1980-х годов, постепенно перекочевав из реальных игорных заведений в онлайн казино. Именно поэтому уже ни у кого не появляются вопросы, почему в большинстве интернет казино имеется Fruit Cocktail в своем игровом ассортименте. По своей сути онлайн версия автомата представляет собой эмулятор реальной игры, а режим игры на деньги ничем не отличается от игрового процесса в наземных казино. 

Как играть в игровой автомат Клубнички

Фрут Коктейль представляет собой классический пятибарабанный автомат на девять игровых линий. В качестве символов игры выступают различные ягодки и фрукты. Для того, чтобы выиграть вам понадобиться 3-5 одинаковых изображений на линии выплат. Изображения фруктового коктейля оплачиваются выше всех остальных В противовес им, вишни являются самым дешевым символом. 
Также каждый выигрыш, который игрок получает в основной игре, может быть удвоен. В этой риск- игре игроку предстоит выбрать карту, номинал которой будет выше чем у его оппонента. Все эти функции можно протестировать в ознакомительном режиме игры, бесплатно и без регистрации.

В призовой игре на экране показано 3 барабана, а по периметру символы разнообразных фруктов и ягод. Одна из картинок подсвечивается в режиме случайного выбора, а барабаны начинают свое вращение. Если на одном из них выпал символ с подсветкой, игрок выигрывает. Подобные выигрыши выпадают на долю игроков в интернет казино достаточно часто, что особенно важно при игре на деньги. 

Для итога можно сказать, что данный игровой автомат представляет собой классику азартных автоматов и каждый игрок обязан хотя бы раз в него сыграть. Особенно при том, что наше онлайн казино предлагает играть в него бесплатно и без регистрации. Просто в свое удовольствие!
Стоит также отметить, что максимальный успех среди игроков на данном игровом автомате проявляется в тех случаях, когда часто меняется число линий и размер ставок в ходе игры. При этом единственно верного алгоритма, который позволит побеждать всегда, в природе не существует и каждый игрок должен самостоятельно создать свою формулу успеха, согласно своей интуиции и удачливости."
Пирамидки;"Кто не хотел бы немного изучить историю, а также хорошо заработать при этом? Если вы относитесь к данной категории людей, тогда игровой автомат Aztec Gold с правом играть бесплатно и без регистрации, или онлайн на деньги, рассчитан специально для вас! В нашем онлайн казино вам будет предоставлена возможность не только найти все сокровища древнего племени ацтеков, всегда славившихся своими достижениями в материальном и научном плане, но и просто насладиться красотой игры, ее огромными прибылями и прочими преимуществами. При этом, не стоит забывать, что древние правители всегда старались очень надежно спрятать и оградить все свои сокровища. Именно поэтому мы советуем вам немного изучить правила слота Aztec Gold, а уже потом рваться навстречу приключениям.

Правила игрового автомата Пирамида, играть бесплатно и без регистрации в который вы всегда сможете в нашем интернет казино. 

После того, как вы решитесь и начнете игру, вы обнаружите, что слот Пирамиды обладает очень прибыльной механикой, которая рассчитана на то, чтобы озолотить игрока. Так, здесь вы увидите пять игровых барабанов, а также получите возможность нанести на них от одной до двадцати одной активной линии! Это позволит вам очень четко контролировать игру и получать максимальные прибыли. Ну а собирать на таком множестве линий вам будет необходимо различные символы, каждый из которых обладает своей ценой. Узнать стоимость каждого можно в таблице коэффициентов. Если говорить про специальные символы, то нужно упомянуть феникса, который является вайлдом данного аппарата. Так, он способен заменить любой другой знак, а также принести вам огромную прибыль!

Есть также в игровом аппарате Ацтек Голд и бонусные игры. Первая откроется вам после того, как вам удастся собрать на игровом экране больше двух символов, где изображены Пирамидки. Далее, уже на новом экране Слотомания игровыой автомат даст вам возможность собирать множители под ячейками. Но будьте осторожны, потому что всегда есть ячейка, которая остановит игру. 

Ну и последняя бонусная игра игрового автомата Золото Ацтеков, играть бесплатно и без регистрации в который вы всегда можете в нашем казино онлайн, в том числе на деньги – это игра на риск. В ней вам нужно будет угадать карту, которая будет старше, чем карта дилера. Если это получится, то ваш выигрыш удвоится. Ну а продолжать игру вы сможете вплоть до вашего желания отказаться, либо до проигрыша.

Вот и все правила данного слота! Так что желаем вам прибыльной игры!"
Резидент;"Игровой автомат Resident бесплатно подарит вам невероятные ощущения, а в игре с денежными ставками - еще и возможность разбогатеть. В игровом автомате Резидент очень много возможностей, главное, не упустить их и вовремя ими воспользоваться. Тут вас ждут и огромное количество выигрышных комбинаций, и игра на удвоение, и невероятно увлекательные и захватывающие бонусные игры. Видеослот Резидент в онлайн казино предоставляет вам возможность играть на 1, 3, 5 или 9 активных линиях. Игра начнётся и запустятся барабаны сразу же после того, как вы нажмёте на кнопку ""Старт"". Но прежде, чем запустить барабаны Слотомания игрового автомата, не забудьте установить необходимое количество активных линий и размер ставки. После того, как барабаны перестанут вращаться, вы сможете увидеть выигрышные комбинации. По всем линиям выигрыши суммируются, поэтому, чем больше активных линий вы установите, тем больше у вас шансов на выигрыш, но вместе с тем и дороже обходится спин. Выберите собственную стратегию игры в видеослот Resident, и вы можете не сомневаться в своей победе в интернет казино!

Играть в Сейфы в интернет казино на деньги или без смс и без регистрации, бесплатно 

Если вам выпадет выигрышная комбинация, то вы можете увеличить выигрыш в игре на удвоение. После выпадения выигрышной комбинации перед вами встанет выбор: забрать выигрыш или испытать удачу в риск-игре. Если вы решитесь рискнуть, то перед вами появится второй экран, на котором будет находиться пять карт: одна открытая и четыре закрытые. Как вы уже, наверное, догадались, для выигрыша в игре на риск в игровом автомате Резидент вам нужно перебить открытую карту дилера. Если вы справитесь с задачей, то ваш выигрыш удвоится, и так можно рисковать до тех пор, пока вы не заберёте выигрыш или не проиграете. Попасть в бонусную игру вы сможете, если вам удастся собрать три символа с изображением Сейфа. В бонусной игре Resident вам нужно будет вскрывать ящики. Перед вами появятся четыре ящика, в каждом из которых спрятаны предметы с различным коэффициентом выигрыша. Перед вами будет стоять не простоя задача: открыть все ящики и не попасть на динамит. Если же вам не повезёт, и вы всё-таки попадёте на него, а огнетушителя у вас не окажется, то вы покинете бонусную игру. Ну а если вы успешно откроете все ящики, то вам предоставится вторая бонусная игра, в которой вам необходимо из двух дверей выбрать одну. Если удача не подведёт вас, и вы выберите дверь за которой спрятана девушка, то увеличите свою ставку в пятьсот раз!"
Книжки;"Передовые казино онлайн знают, какой слот гарантирует им успех и популярность. Конечно, это игровой автомат Книжка. Данный симулятор — не чета малоизвестным некачественным поделкам. В интернет казино со слотом «из Египта» гемблер может чувствовать себя счастливым, играть на деньги и стабильно побеждать в атмосфере древней цивилизации. Ох, а если вы не только знакомы с механикой, но и еще и отличаетесь везучим нутром — нужно начинать игру прямо сейчас! Еще один бесспорный плюс в том, что теперь слот может стать своеобразным оплачиваемым досугом. Причем, платить будете не вы, а вам! Но, конечно, нужно с чего-то начинать — заходите в онлайн казино без регистрации, заполняйте формы, вносите сумму на счет и начинайте игру в Книжки — путь через египетские пустыни, реки и города к внушительным победам!

Амон подарит тебе Book of Ra

История гласит, что Амон Ра (верховное божество Солнца) хранил как зеницу ока свою книгу. Она была не только содержанием письмен, но и символом оккультного характера, способным в одночасье сделать обычного человека чрезвычайно могущественным, невероятно богатым, очень успешным. Мотив и замысел создателей эмулятора понятен — они предлагают вам исключить длительные опасные экспедиции из жизненного графика. Получить золото можно и без этого. Бук оф Ра — выдуманный мир, в который можно играть на деньги и бесплатно! Книга Ра — дух приключений и невероятная авантюра не выходя из дома. Книга — безупречный продукт программистов и оформителей, дающий возможность заработать не выходя из интернет казино. У Слотомания игровых автоматов свои правила, кто знает их — тот побеждает. И, конечно, вы понимаете, что речь идет не про лист с перечнем выигрышных линий, который содержит в своем «нутре» каждый игровой автомат. 

В удивительный слот приятно поиграть и без регистрации. Смелые и опытные, конечно, сразу же переходят к сетам за деньги. В конце-концов, по каким еще признакам Амон Ра должен выбирать достойного? Конечно, по силе воли, по характеру и по блеску в глазах. Если слот заметит ваш энтузиазм, если вы будете излучать азарт, как мощный маяк, то у него не останется ничего другого, кроме как практически бесплатно насыпать в ваш карман пригоршни антикварных древних египетских монет. Только не давайте воображению разгуляться больше положенного! :) Счастье возможно и с обычным миллионом!"
Пирамидки;"Кто не хотел бы немного изучить историю, а также хорошо заработать при этом? Если вы относитесь к данной категории людей, тогда игровой автомат Aztec Gold с правом играть бесплатно и без регистрации, или онлайн на деньги, рассчитан специально для вас! В нашем онлайн казино вам будет предоставлена возможность не только найти все сокровища древнего племени ацтеков, всегда славившихся своими достижениями в материальном и научном плане, но и просто насладиться красотой игры, ее огромными прибылями и прочими преимуществами. При этом, не стоит забывать, что древние правители всегда старались очень надежно спрятать и оградить все свои сокровища. Именно поэтому мы советуем вам немного изучить правила слота Aztec Gold, а уже потом рваться навстречу приключениям.

Правила игрового автомата Пирамида, играть бесплатно и без регистрации в который вы всегда сможете в нашем интернет казино. 

После того, как вы решитесь и начнете игру, вы обнаружите, что слот Пирамиды обладает очень прибыльной механикой, которая рассчитана на то, чтобы озолотить игрока. Так, здесь вы увидите пять игровых барабанов, а также получите возможность нанести на них от одной до двадцати одной активной линии! Это позволит вам очень четко контролировать игру и получать максимальные прибыли. Ну а собирать на таком множестве линий вам будет необходимо различные символы, каждый из которых обладает своей ценой. Узнать стоимость каждого можно в таблице коэффициентов. Если говорить про специальные символы, то нужно упомянуть феникса, который является вайлдом данного аппарата. Так, он способен заменить любой другой знак, а также принести вам огромную прибыль!

Есть также в игровом аппарате Ацтек Голд и бонусные игры. Первая откроется вам после того, как вам удастся собрать на игровом экране больше двух символов, где изображены Пирамидки. Далее, уже на новом экране Слотомания онлайн игровой автомат даст вам возможность собирать множители под ячейками. Но будьте осторожны, потому что всегда есть ячейка, которая остановит игру. 

Ну и последняя бонусная игра игрового автомата Золото Ацтеков, играть бесплатно и без регистрации в который вы всегда можете в нашем казино онлайн, в том числе на деньги – это игра на риск. В ней вам нужно будет угадать карту, которая будет старше, чем карта дилера. Если это получится, то ваш выигрыш удвоится. Ну а продолжать игру вы сможете вплоть до вашего желания отказаться, либо до проигрыша.

Вот и все правила данного слота! Так что желаем вам прибыльной игры!"
Мартышки;"Игровой автомат Crazy Monkey или Сумасшедшая Обезьяна, как ее называют постоянные игроки в интернет казино, появился достаточно давно и имеет внушительное количество поклонников по всему миру. В настоящее время популярность Crazy Monkey ничуть не меньше, чем несколькими годами ранее. С этими Обезьянками можно играть без регистрации, бесплатно, а также на деньги. До появления в сети этот игровой слот имел бешеную популярность среди посетителей реальных игорных домов и игровых залов. Количество постоянно играющих в него в интернет казино ничуть не уступает любителям суперсовременных 3D- автоматов или видеослотов.

Особенности игры Крези Манки 

По своим характеристикам это пяти барабанный игровой автомат Слотомания, позволяющий играть на девяти игровых линиях даже в режиме бесплатно. Управление и правила игры этих Мартышек довольно просты. Играя на деньги или бесплатно, необходимо выбрать количество линий, по которым пользователь будет делать свои ставки, а после запустить игровой барабан. При этом следует помнить, что чем больше количество игровых линий, тем больше размер потенциального выигрыша. В течении игры веселые обезьяны будут сопровождать каждого игрока. Дальнейший успех будет зависеть от количества одинаковых символов выпадающих на этих пяти барабанах. В случае нехватки нужных картинок для выигрышной комбинации игроку на помощь может прийти ""дикий"" символ Обезьянок, который заменит любую ненужную картинку на требуемую. В игре без регистрации этот символ также активен. 

После выпадения требуемой комбинации этот слот онлайн казино дает пользователю шанс удвоить свой выигрыш, сыграв в игру на риск. В ходе игры ему необходимо выбрать карту, которая по своему значению будет больше предложенной автоматом. Если угадал, то сумма удваивается. Но следует помнить, что при открывании меньшей по значению карты весь собранный выигрыш моментально сгорит. Если на барабане одновременно выпали картинки с хотя бы тремя Обезьянками, то пользователя ждет приятная возможность играть в бонус-игру, где нужно будет дергать за канаты, каждый из которых может принести потенциальную прибыль."
Лягушки;"Наверняка игровой автомат Fairy land известны многим игрокам на деньги в онлайн казино. Данный игровой слот погружает игрока в сказку, где отчаявшийся принц отправлялся на край света, чтобы вызволить свою возлюбленную из плена. Игровой автомат Fairy Land имеют в своей основе увлекательнейший сюжет, качественну.графику и необычное звуковое оформление. У нас в онлайн казино вы можете погрузиться в увлекательнейшие приключения, в ходе которых вы непременно познакомитесь с забавными сказочными персонажами, которые помогут вам достичь заветной цели! 

Как играть в игровые аппараты Фейри Ленд

Начав играть в Слотомания игровые онлайн автоматы Лягушки, достаточно трудно перейти на какой-либо другой автомат. Увлекшись игровым процессом, вы поймете, что главный герой игры, лягушка, нуждается в вашей помощи, без который ему очень трудно будет отыскать свою подругу. Именно поэтому долг игрока состоит в том, чтобы помочь персонажу достичь своей цели, и не бесплатно! Однако играть можно не только на деньги, но и бесплатно, получая истинное удовольствие! Не стоит забывать что в Лягушки в демонстрационном режиме можно играть без регистрации, что существенно сэкономит ваше время. 

Бонус-игра игрового аппарата отличается нестандартностью, драйвом и необычным развитием сюжета, что в сумме сможет заинтересовать каждого игрока в интернет казино. Для того, чтобы игроку открылась бонусная игра, потребуется поймать более трех символов с лягушонком, которые помогут пополнить кошелек. Для этого потребуется пройти множество препятствий и затаившегося глубоко в джунглях коварного крокодила. Тем самым вы спасете главного героя, а она отблагодарит вас хорошим выигрышем. Кроме того, каждая выигрышная комбинация на активных линиях позволяет увеличить вдвое свой выигрыш, угадав карту с большим номиналом, чем у соперника. Данный игровой слот характеризуется необычной развязкой, а также бонусной игрой и увлекательным сценарием. Это все является залогом безграничного азарта посетителей интернет казино, а также дарит им множество невероятных ощущений! Также у нас данный слот доступен в демонстрационном режиме бесплатно и без регистрации."
Sharky;"Онлайн казино предлагает каждому игроку окунуться в атмосферу приключенческого азарта. Морские волки собрались под руководством отважного капитана и они хотят, чтобы ты был вместе с ними. Игровые автоматы Sharky предоставят всем молодым рыбакам возможность поохотиться. Проявите свою смелость! Выступайте в качестве одного из пиратов, отправляйтесь на поиски сокровища, играть будет крайне интересно. В Sharky вам встретятся разные персонажи, так или иначе влияющие на ваш выигрыш. Например, попугай капитана может увеличивать вашу ставку в 1000 раз, а сам капитан распорядится, чтобы она была бесплатно помножена на целых 9000! В интернет казино все это становится реальным, даже если вы захотели играть без регистрации. Главное - снабдить себя правильным настроением, приготовить, по возможности, небольшую сумму денег, а также позаботиться о том, чтобы во время игры вас ничего не отвлекало, а поблизости находился какой нибудь хороший, дорогой напиток. 

Шарки — гордость онлайн казино и светоч в мире компьютерного азартного игростроения.

Мореплаватели тоже любят играть на деньги, так что для того, чтобы стать полноценным пиратом, вам понадобится выиграть у них несколько раз. Не позволяйте этим хитрым морским волкам обыграть вас, докажите, что вы проворнее их! 

Игровые Слотомания автоматы помогут вам хорошенько расслабиться, играть в них бесплатно у себя дома — одно удовольствие, можно и без регистрации. Прокладывайте себе путь к совершенству игры, пираты будут поддерживать вас в вашем стремлении к развитию. Ведь в Sharky вам предлагается развивать свои навыки, игровые автоматы становятся вашим хобби и вы сможете даже зарабатывать на этом неплохие деньги. 

В игре Акуленок - вы в безопасности и сами хозяин своего времени и местоположения. 

Интернет казино предлагает каждому смельчаку оценить качество и надежность онлайн автоматов. В секретных волшебных кузницах были выкованы они, подобно шедеврам искусства и преподнесены вам для того, чтобы ваш досуг был идеально азартным. Для достижения полноты ощущений от автоматов следует перейти постепенно к играм на деньги, тогда у вас разовьется настоящий гурманский вкус к играм и вы будете чувствовать себя в любом казино словно рыба в воде."
Клубнички;"Игровой автомат Fruit Cocktail (Клубнички) удерживается на волне популярности с 1980-х годов, постепенно перекочевав из реальных игорных заведений в онлайн казино. Именно поэтому уже ни у кого не появляются вопросы, почему в большинстве интернет казино имеется Fruit Cocktail в своем игровом ассортименте. По своей сути онлайн версия автомата представляет собой эмулятор реальной игры, а режим игры на деньги ничем не отличается от игрового процесса в наземных казино. 

Как играть в игровой автомат Клубнички

Фрут Коктейль представляет собой классический пятибарабанный автомат на девять игровых линий. В качестве символов игры выступают различные ягодки и фрукты. Для того, чтобы выиграть вам понадобиться 3-5 одинаковых изображений на линии выплат. Изображения фруктового коктейля оплачиваются выше всех остальных В противовес им, вишни являются самым дешевым символом. 
Также каждый выигрыш, который игрок получает в основной игре, может быть удвоен. В этой риск- игре игроку предстоит выбрать карту, номинал которой будет выше чем у его оппонента. Все эти функции можно протестировать в ознакомительном режиме игры, бесплатно и без регистрации.

В призовой игре на экране показано 3 барабана, а по периметру символы разнообразных фруктов и ягод. Одна из картинок подсвечивается в режиме случайного выбора, а барабаны начинают свое вращение. Если на одном из них выпал символ с подсветкой, игрок выигрывает. Подобные выигрыши выпадают на долю игроков в интернет казино достаточно часто, что особенно важно при игре на деньги. 

Для итога можно сказать, что данный игровой автомат Слотомания онлайн представляет собой классику азартных слотов и каждый игрок обязан хотя бы раз в него сыграть. Особенно при том, что наше онлайн казино предлагает играть в него бесплатно и без регистрации. Просто в свое удовольствие!
Стоит также отметить, что максимальный успех среди игроков на данном игровом автомате проявляется в тех случаях, когда часто меняется число линий и размер ставок в ходе игры. При этом единственно верного алгоритма, который позволит побеждать всегда, в природе не существует и каждый игрок должен самостоятельно создать свою формулу успеха, согласно своей интуиции и удачливости."
